Date,1,2,3,4,5,6,2P,camping0,camping1,camping2,camping3,camping4,camping5,camping6,camping7,camping8,entrance0,entrance1,entrance2,entrance3,entrance4,gate0,gate1,gate2,gate3,gate4,gate5,gate6,gate7,gate8,general-gate0,general-gate1,general-gate2,general-gate3,general-gate4,general-gate5,general-gate6,general-gate7,ranger-base,ranger-stop0,ranger-stop1,ranger-stop2,ranger-stop3,ranger-stop4,ranger-stop5,ranger-stop6,ranger-stop7
5/1/2015,121,40,40,40,12,0,71,2,0,4,8,0,2,4,2,4,6,10,15,15,22,0,0,0,2,4,6,0,0,8,0,27,29,1,19,26,2,26,8,30,0,28,2,2,4,6,0
5/2/2015,78,45,66,0,22,3,84,2,0,3,5,2,3,3,1,3,11,11,10,15,11,0,0,2,4,2,6,6,6,6,0,22,22,1,20,17,1,27,6,23,2,23,4,2,2,8,6
5/3/2015,94,56,51,19,6,0,67,4,0,3,1,3,8,2,1,3,17,16,11,16,13,0,0,0,4,2,6,4,4,6,0,21,19,2,18,14,1,28,6,21,0,21,4,2,2,6,4
5/4/2015,79,52,49,26,8,14,108,4,2,1,6,0,1,1,1,5,13,13,12,13,9,0,0,2,8,4,8,6,6,8,2,26,26,2,20,17,1,26,8,27,2,27,8,2,4,9,6
5/5/2015,96,53,29,24,0,0,48,3,0,4,0,2,3,4,1,3,13,8,9,17,15,0,0,0,6,4,6,2,0,6,0,16,18,2,13,18,1,20,6,18,0,16,6,0,4,6,0
5/6/2015,126,88,36,16,15,2,42,2,2,1,6,0,6,6,2,4,15,19,16,19,11,0,0,2,2,2,4,2,2,4,2,28,28,2,19,14,2,29,4,28,2,28,2,2,2,4,2
5/7/2015,73,65,21,31,0,10,27,0,0,3,5,3,3,3,1,3,17,11,16,13,10,0,0,2,2,0,1,1,0,2,0,18,18,0,15,8,1,25,2,18,2,19,2,2,0,1,0
5/8/2015,137,98,53,4,6,0,72,2,4,5,3,2,5,3,2,2,16,18,18,16,18,0,0,2,6,2,6,4,2,8,4,29,29,2,21,20,2,33,8,29,2,29,6,2,2,6,2
5/9/2015,123,88,20,21,22,0,46,4,0,2,2,4,6,5,5,3,16,16,9,14,13,0,0,2,0,0,2,2,0,6,0,28,28,0,24,18,5,36,6,29,2,29,0,2,0,2,0
5/10/2015,125,79,17,9,30,2,132,1,0,2,9,2,3,7,3,3,18,7,19,14,14,0,0,4,6,4,8,8,6,8,0,30,30,3,21,21,3,32,8,32,4,32,6,6,4,10,6
5/11/2015,120,69,51,20,4,2,81,4,0,3,5,3,3,0,1,9,21,15,10,15,14,0,0,0,6,2,6,4,4,8,0,27,27,2,23,20,1,30,8,28,0,28,6,2,2,6,4
5/12/2015,89,81,73,22,9,22,120,3,0,2,2,1,5,5,7,5,10,10,20,19,18,0,0,4,4,6,6,4,4,8,0,37,39,3,20,23,7,26,8,41,4,39,4,4,6,8,4
5/13/2015,98,124,34,35,10,2,59,2,0,2,0,2,5,8,3,7,18,12,21,21,13,0,0,2,2,4,4,2,0,6,0,33,37,4,14,23,3,24,6,37,2,35,2,0,4,4,0
5/14/2015,123,60,54,20,39,7,59,1,0,3,2,3,5,1,3,4,10,18,18,18,20,1,1,0,2,2,5,1,0,6,0,35,35,1,24,20,3,31,6,36,0,36,2,2,2,5,0
5/15/2015,86,120,51,26,18,0,133,0,0,5,3,5,5,1,6,4,15,20,13,19,16,0,0,6,6,4,8,8,6,7,0,33,32,2,25,24,6,43,7,34,6,35,6,4,4,10,6
5/16/2015,118,117,50,14,0,14,53,5,2,6,4,3,4,3,9,7,12,19,19,20,13,0,0,0,2,0,1,1,0,5,1,33,34,1,19,21,9,34,5,35,0,34,2,2,0,1,0
5/17/2015,100,108,38,24,15,0,68,2,0,3,6,5,4,1,2,6,12,15,19,12,11,1,1,0,0,0,1,1,2,6,0,36,36,1,28,16,2,34,6,38,0,39,0,4,0,1,2
5/18/2015,96,100,48,13,23,7,20,0,0,5,4,5,7,6,2,5,17,15,11,23,16,0,0,0,2,0,2,2,2,2,0,26,26,0,17,20,2,30,2,26,0,26,2,0,0,2,2
5/19/2015,78,97,37,24,8,0,48,3,0,1,3,6,2,5,0,4,17,19,12,18,12,1,1,2,0,0,1,1,0,4,0,25,25,0,21,16,0,31,4,26,2,27,0,2,0,1,0
5/20/2015,137,56,43,6,7,7,67,4,0,2,3,6,6,3,3,3,16,12,10,17,16,0,0,2,2,4,2,2,2,4,0,27,29,1,18,20,3,29,4,30,2,28,2,2,4,3,2
5/21/2015,137,67,34,35,7,9,82,4,0,0,1,3,6,3,0,6,16,11,23,21,15,2,2,2,2,2,7,7,0,8,0,34,34,3,17,18,0,25,8,35,2,36,2,6,2,8,0
5/22/2015,121,72,21,13,13,0,69,1,0,3,5,4,7,3,0,9,11,13,14,14,13,1,1,2,2,2,5,5,2,6,0,26,28,0,16,15,0,26,6,28,2,28,2,0,2,5,2
5/23/2015,109,93,56,12,3,2,67,2,0,8,8,4,5,3,1,6,19,16,12,17,14,0,0,2,2,2,4,4,4,6,0,25,25,1,24,16,1,36,6,25,2,27,2,0,2,7,4
5/24/2015,150,72,64,22,13,0,63,2,2,2,7,6,2,5,7,5,14,17,17,14,16,0,0,0,2,2,2,0,0,6,2,38,38,2,21,25,7,27,6,40,0,40,2,4,2,2,0
5/25/2015,120,75,48,32,6,0,144,2,0,4,3,2,7,1,2,7,18,17,19,17,13,1,1,4,8,4,7,7,6,8,0,33,33,2,25,21,2,37,8,36,4,35,8,4,4,9,6
5/26/2015,123,59,26,8,6,0,66,1,2,3,6,3,7,6,3,2,17,13,13,14,12,1,1,4,0,2,5,7,2,6,2,21,21,1,13,10,3,23,6,21,4,22,0,0,2,7,2
5/27/2015,125,60,45,7,0,0,69,1,0,7,3,4,3,5,3,6,13,9,17,9,20,0,0,0,2,4,7,5,2,6,0,25,25,1,16,17,3,21,6,26,0,25,2,0,4,7,2
5/28/2015,129,58,45,27,14,16,105,1,0,3,3,2,3,7,3,7,17,12,19,21,17,1,1,0,4,6,9,7,0,8,0,33,33,3,16,23,3,28,8,34,0,34,4,8,6,10,0
5/29/2015,90,94,65,39,8,0,69,4,0,4,2,1,2,7,1,7,9,16,15,19,16,2,2,0,4,2,8,6,2,8,0,33,33,1,19,24,1,25,8,33,0,33,4,2,2,8,2
5/30/2015,102,69,68,21,9,0,56,2,0,9,3,8,5,2,2,5,15,17,13,15,11,1,1,0,4,4,5,1,0,6,0,24,24,2,25,14,2,37,6,24,0,25,4,0,4,5,0
5/31/2015,94,95,43,6,25,10,80,2,0,5,2,2,3,4,5,8,18,14,16,21,11,1,1,2,4,2,3,3,2,6,0,30,30,1,18,17,5,30,6,31,2,32,4,4,2,4,2
6/1/2015,220,184,81,28,25,9,69,2,0,6,14,5,9,12,11,8,22,24,20,30,31,0,0,2,4,2,4,4,4,4,0,54,54,2,40,44,11,60,4,55,2,55,4,2,2,5,4
6/2/2015,216,142,154,38,10,0,65,7,2,9,9,8,13,16,5,15,22,25,31,26,27,0,0,0,8,8,8,2,0,8,1,53,53,4,39,31,5,52,8,53,0,53,8,0,8,8,0
6/3/2015,298,133,122,15,36,2,37,7,2,7,11,13,14,8,5,16,29,31,22,40,31,0,0,0,2,2,0,0,0,4,2,56,56,4,45,36,5,71,4,57,0,57,2,2,2,0,0
6/4/2015,319,172,142,26,25,21,53,8,2,14,11,14,8,9,20,16,26,38,29,44,26,0,0,0,4,2,6,4,2,6,2,69,69,1,43,41,20,64,6,69,0,69,4,2,2,6,2
6/5/2015,286,220,145,18,2,23,147,10,2,6,12,12,23,19,12,17,42,28,36,41,33,0,0,6,6,6,6,6,6,6,1,64,64,5,53,44,12,84,6,67,6,67,6,6,6,9,6
6/6/2015,321,347,115,14,8,4,57,6,3,17,19,12,17,16,13,18,22,27,41,45,43,0,0,0,6,6,6,0,0,6,2,80,80,5,54,49,13,76,6,80,0,80,6,0,6,6,0
6/7/2015,361,204,105,21,35,6,71,7,0,15,11,17,32,7,15,11,33,33,29,43,34,0,0,0,4,4,8,4,2,8,0,66,66,2,54,38,15,87,8,66,0,66,4,0,4,8,2
6/8/2015,377,148,109,32,8,18,36,11,2,8,15,18,12,15,10,9,39,35,32,48,26,1,1,4,0,0,3,3,0,4,1,60,60,2,50,35,10,82,4,60,4,61,0,0,0,3,0
6/9/2015,293,193,101,24,17,7,34,6,0,9,11,13,16,17,10,7,28,24,36,35,30,0,0,2,2,2,2,1,0,1,0,62,63,2,42,36,10,66,1,63,2,62,2,2,2,2,0
6/10/2015,347,258,112,37,2,16,118,4,3,13,18,15,14,19,8,15,30,34,36,40,37,0,0,4,6,2,6,7,6,9,1,79,78,2,64,48,8,86,9,80,4,81,6,2,2,8,6
6/11/2015,360,153,138,2,16,0,49,6,1,16,12,18,11,8,9,18,35,19,28,39,29,0,0,2,2,2,2,2,2,2,1,68,68,3,47,35,9,71,2,69,2,69,2,2,2,3,2
6/12/2015,395,233,123,7,11,17,91,9,1,18,18,16,14,17,7,21,42,27,31,45,39,0,0,2,4,2,4,4,4,6,1,77,77,4,62,48,7,85,6,79,2,79,4,4,2,5,4
6/13/2015,401,227,155,9,19,18,26,5,4,14,18,18,22,21,16,19,31,35,35,40,41,1,1,0,2,2,1,1,0,2,1,76,76,7,57,51,16,83,2,76,0,76,2,0,2,1,0
6/14/2015,415,237,146,6,14,19,53,6,2,12,17,16,17,17,20,22,33,25,40,39,32,0,0,0,4,2,6,4,2,6,2,81,81,5,61,53,20,83,6,81,0,81,4,0,2,6,2
6/15/2015,452,189,101,43,8,12,102,7,0,15,18,18,12,14,12,23,35,29,35,47,38,1,1,4,4,4,7,5,2,8,0,82,82,5,54,54,12,80,8,84,4,83,4,2,4,8,2
6/16/2015,434,215,145,25,49,6,95,5,2,16,12,16,19,17,14,18,27,30,47,60,34,0,0,2,6,2,7,7,4,8,1,90,90,6,55,53,14,88,8,92,2,91,6,6,2,8,4
6/17/2015,407,175,119,12,10,19,13,10,0,14,13,14,16,8,16,23,22,35,29,51,30,0,0,0,0,0,0,0,0,2,0,70,72,4,46,43,16,74,2,73,0,72,0,0,0,0,0
6/18/2015,310,211,137,27,19,15,19,5,0,17,13,15,15,11,14,15,33,34,43,45,26,0,0,0,2,2,2,0,0,2,0,64,64,3,50,36,14,77,2,64,0,64,2,0,2,2,0
6/19/2015,373,201,131,18,19,9,61,11,2,10,17,20,21,20,6,20,27,36,23,46,39,0,0,0,4,2,4,2,2,6,1,68,68,3,53,53,6,84,6,69,0,69,4,2,2,4,2
6/20/2015,459,287,168,10,7,24,97,16,0,17,17,19,20,18,11,24,42,30,45,46,46,0,0,2,4,6,8,6,4,5,0,93,93,8,74,57,11,108,5,94,2,94,4,4,6,9,4
6/21/2015,510,246,168,19,0,4,83,12,6,10,15,24,25,25,10,24,36,44,38,54,32,0,0,0,0,2,2,2,0,9,5,95,97,2,74,58,10,106,9,99,0,97,0,4,2,2,0
6/22/2015,369,264,138,39,15,0,44,10,2,13,14,20,27,11,17,22,33,33,31,54,37,0,0,0,0,4,4,4,0,4,1,72,72,6,59,42,17,102,4,72,0,72,0,2,4,4,0
6/23/2015,413,252,134,32,29,0,82,12,9,14,23,12,22,14,8,18,32,33,40,43,39,4,4,0,4,2,5,3,2,8,7,82,82,4,71,51,8,98,8,84,0,83,4,0,2,5,2
6/24/2015,420,277,212,14,10,6,24,17,2,18,8,17,23,19,14,20,39,40,42,55,41,0,0,2,0,2,2,2,2,2,2,86,86,4,71,48,14,103,2,86,2,86,0,0,2,2,2
6/25/2015,402,244,170,36,2,25,92,8,4,16,19,16,28,20,15,10,44,21,32,37,42,0,0,2,8,4,8,8,4,5,1,86,86,3,64,66,15,91,5,87,2,87,8,2,4,9,4
6/26/2015,395,249,136,26,16,0,51,14,0,9,7,17,29,21,14,18,34,35,42,29,35,0,0,2,2,2,2,2,2,3,0,75,75,5,73,50,14,94,3,76,2,76,2,2,2,3,2
6/27/2015,456,217,106,16,4,22,69,15,0,11,17,24,21,11,7,23,41,32,30,54,38,0,0,0,6,2,6,4,4,8,0,71,73,5,66,45,7,99,8,73,0,71,6,0,2,6,4
6/28/2015,330,231,184,26,8,12,104,5,10,16,16,15,30,16,8,20,30,29,31,42,39,0,0,2,6,4,4,2,2,8,8,74,74,8,65,49,8,91,8,76,2,76,6,4,4,5,2
6/29/2015,454,247,212,18,19,8,20,21,0,12,14,24,32,11,20,19,35,31,43,54,37,0,0,0,2,0,2,2,2,2,0,86,86,2,76,51,20,114,2,86,0,86,2,0,0,2,2
6/30/2015,389,269,112,12,6,0,68,22,0,9,16,16,16,18,10,19,32,30,34,42,40,0,0,2,4,4,4,2,2,4,0,73,73,6,60,47,10,90,4,74,2,74,4,2,4,5,2
7/1/2015,517,319,235,29,18,21,40,18,5,19,24,25,28,18,25,17,53,39,55,49,45,0,0,2,0,0,2,2,0,4,3,106,106,1,94,60,25,128,4,107,4,107,0,2,0,2,0
7/2/2015,511,355,107,13,16,12,43,15,2,17,11,18,24,14,15,32,43,37,42,50,50,0,0,2,2,0,4,4,2,4,0,97,97,5,75,61,15,108,4,97,4,97,2,0,0,5,2
7/3/2015,692,420,270,29,30,6,38,28,2,28,38,23,39,29,12,36,53,52,66,66,64,0,0,0,4,4,4,0,0,4,1,130,130,10,124,77,12,173,4,130,0,130,4,0,4,4,0
7/4/2015,683,461,266,23,25,0,98,18,0,37,25,40,44,16,20,33,56,51,59,61,64,0,0,4,4,4,4,4,4,4,0,139,139,7,130,80,20,177,4,141,4,141,4,4,4,6,4
7/5/2015,734,436,312,26,45,6,56,19,7,29,29,36,47,40,11,43,61,49,66,79,64,0,0,0,2,0,4,4,0,6,5,152,152,8,114,87,11,168,6,153,0,153,2,4,0,4,0
7/6/2015,460,387,234,19,29,0,25,12,1,18,26,28,33,20,20,12,42,35,51,58,50,1,1,2,0,0,1,1,0,2,0,109,109,2,83,66,20,126,2,110,2,109,0,0,0,2,0
7/7/2015,534,337,233,37,19,8,52,14,6,22,25,24,23,27,14,31,43,41,45,57,49,0,0,0,4,0,8,8,4,6,3,112,112,5,85,69,14,121,6,112,0,112,4,2,0,8,4
7/8/2015,527,356,288,21,8,2,53,15,6,27,18,17,37,24,22,29,37,44,60,54,57,0,0,0,4,4,6,2,2,6,4,114,114,6,84,68,22,121,6,114,0,114,4,0,4,7,2
7/9/2015,529,312,248,30,11,11,14,13,2,32,13,26,31,17,30,28,33,42,38,76,50,0,0,0,0,0,2,2,2,2,1,103,103,5,78,58,30,126,2,103,0,103,0,0,0,2,2
7/10/2015,620,505,185,33,23,22,23,13,4,24,26,34,41,27,21,28,59,52,64,73,63,1,1,2,0,0,2,2,2,2,3,125,125,7,97,79,21,143,2,125,14,125,0,0,0,2,2
7/11/2015,839,468,222,31,54,0,93,13,0,26,30,38,38,26,31,48,46,64,82,79,59,0,0,2,8,4,6,4,4,7,0,160,159,10,121,90,31,166,7,160,2,161,8,2,4,7,4
7/12/2015,698,356,340,23,4,11,28,12,2,33,20,22,37,34,32,24,54,46,69,58,55,0,0,0,0,0,1,1,0,3,1,139,140,4,119,79,32,156,3,140,0,140,0,2,0,2,0
7/13/2015,562,363,166,50,27,14,41,14,4,14,18,34,32,17,12,32,48,42,46,71,52,0,0,0,2,2,2,0,0,4,1,116,116,4,87,62,12,133,4,117,0,117,2,2,2,2,0
7/14/2015,457,234,219,77,44,16,20,14,4,10,17,21,22,23,16,22,41,43,52,59,44,0,0,0,4,0,4,4,2,2,3,100,100,3,70,59,16,100,2,100,0,100,4,0,0,4,2
7/15/2015,387,224,146,30,17,0,19,14,4,17,5,17,13,22,10,19,28,35,43,41,30,0,0,0,2,2,2,0,0,2,4,76,76,4,62,41,10,84,2,76,0,76,2,0,2,2,0
7/16/2015,510,271,184,26,18,0,32,4,2,19,22,17,27,9,14,36,38,36,42,60,42,0,0,2,0,0,4,4,0,4,2,97,97,7,74,52,14,110,4,97,2,97,0,2,0,4,0
7/17/2015,780,367,321,17,8,6,53,17,6,33,27,33,39,40,27,36,63,53,63,69,53,0,0,0,6,2,6,2,2,6,4,138,139,7,111,93,27,151,6,139,0,138,6,0,2,6,2
7/18/2015,625,387,232,35,15,0,37,21,0,27,14,28,42,24,22,28,53,42,45,63,60,0,0,0,2,4,2,0,0,4,0,119,120,7,108,77,22,146,4,120,0,119,2,0,4,2,0
7/19/2015,565,350,254,51,49,2,67,20,0,24,21,29,26,21,21,35,52,35,63,73,48,2,2,0,4,2,6,4,2,6,0,124,122,6,94,68,21,137,6,126,0,124,4,0,2,6,2
7/20/2015,543,282,227,24,29,5,48,16,5,25,18,27,25,10,14,31,40,47,47,58,53,0,0,0,4,0,3,3,4,4,4,104,105,7,82,63,18,117,4,105,0,104,4,0,0,3,4
7/21/2015,503,227,177,38,26,12,90,7,2,19,16,26,31,16,13,29,48,35,39,61,45,0,0,2,4,6,4,4,2,6,2,89,90,5,77,50,13,119,6,92,2,92,4,4,6,5,2
7/22/2015,516,221,173,22,22,7,77,21,2,15,14,24,33,14,17,26,43,43,42,47,44,2,2,2,4,2,4,4,2,4,1,82,82,8,79,51,17,120,4,83,2,83,4,2,2,5,2
7/23/2015,707,285,223,41,27,21,29,25,6,17,18,27,28,21,22,31,45,52,64,57,49,0,0,0,2,0,4,4,0,4,4,123,123,5,111,63,22,148,4,123,0,123,2,2,0,4,0
7/24/2015,758,349,277,34,20,28,61,16,7,23,29,34,41,34,23,30,73,46,61,82,57,0,0,0,4,2,4,2,2,6,1,130,130,10,116,90,23,169,6,131,0,131,4,2,2,4,2
7/25/2015,623,340,208,28,18,7,57,13,2,19,12,28,39,26,18,30,42,39,70,67,43,0,0,2,2,2,2,2,2,4,1,124,124,4,91,59,18,129,4,125,2,125,2,2,2,3,2
7/26/2015,619,391,307,27,21,7,109,11,4,17,29,42,27,22,29,38,47,50,59,59,55,1,1,4,4,4,8,8,4,8,2,135,135,9,109,78,29,145,8,136,4,136,4,2,4,10,4
7/27/2015,506,292,219,20,16,3,62,18,0,17,18,16,28,11,19,42,33,33,49,67,47,0,0,2,4,6,6,2,0,6,0,98,98,11,73,61,19,114,6,98,2,98,4,0,6,6,0
7/28/2015,523,237,199,19,5,8,20,7,6,17,17,19,29,20,14,22,38,39,49,45,47,0,0,0,2,0,2,2,2,2,5,94,94,3,76,49,14,101,2,94,0,94,2,0,0,2,2
7/29/2015,527,276,148,44,25,10,63,14,1,15,16,20,24,18,21,22,39,36,41,65,58,0,0,0,0,2,4,4,2,8,1,93,98,2,76,71,21,108,8,99,0,95,0,2,2,5,2
7/30/2015,553,312,233,30,30,26,19,13,2,31,23,19,28,14,18,30,65,43,43,61,56,0,0,0,2,2,2,0,0,2,2,106,107,6,94,64,18,132,2,106,0,106,2,0,2,2,0
7/31/2015,753,467,221,25,33,7,67,20,2,26,25,35,41,35,29,25,54,67,66,87,49,0,0,0,2,2,3,1,2,6,1,142,142,8,112,86,29,170,6,144,0,143,2,4,2,3,2
8/1/2015,572,346,190,32,28,11,38,15,0,26,15,31,31,25,11,31,42,44,44,67,57,0,0,0,4,4,4,0,0,4,0,112,111,10,84,70,11,124,4,112,0,112,4,0,4,4,0
8/2/2015,636,265,197,49,16,8,19,14,0,18,30,32,27,13,32,33,44,49,58,81,45,0,0,0,2,2,2,0,0,2,0,102,103,8,77,49,32,124,2,101,0,102,2,0,2,2,0
8/3/2015,524,260,172,34,45,9,20,15,2,18,18,25,22,11,20,21,39,44,49,50,48,0,0,0,2,0,2,2,2,2,2,97,97,5,80,58,20,110,2,98,0,97,2,0,0,2,2
8/4/2015,482,238,193,37,25,0,57,13,2,15,22,14,25,21,14,21,43,33,38,52,47,2,2,0,4,0,3,3,0,6,2,94,96,3,76,59,14,100,6,98,0,95,4,2,0,3,0
8/5/2015,365,207,185,39,4,7,22,3,0,9,4,11,24,20,11,20,30,33,35,51,41,0,0,0,0,0,0,0,0,2,0,83,83,2,54,52,11,78,2,84,0,84,0,2,0,0,0
8/6/2015,442,164,173,28,9,12,89,7,6,12,19,10,13,18,19,23,35,33,37,43,41,0,0,0,4,4,6,4,2,8,4,82,83,5,54,49,19,81,8,85,0,83,4,4,4,6,2
8/7/2015,553,381,215,40,35,10,27,12,2,13,26,26,21,20,28,34,57,41,44,80,52,1,1,2,2,0,1,1,0,2,1,122,123,2,76,71,28,117,2,124,2,124,2,0,0,1,0
8/8/2015,633,220,133,4,34,9,68,11,6,21,22,19,29,13,20,25,45,34,48,56,44,0,0,2,4,4,4,2,2,4,3,95,95,8,78,58,20,114,4,96,2,96,4,2,4,5,2
8/9/2015,658,201,229,47,30,6,58,14,3,20,19,27,33,28,17,23,48,40,56,55,42,0,0,0,4,0,6,6,2,6,2,112,112,1,95,61,17,136,6,112,0,112,4,2,0,6,2
8/10/2015,490,257,218,25,9,0,86,3,4,20,25,28,22,14,14,28,41,33,40,52,43,0,0,2,2,4,6,6,2,8,2,95,95,5,83,59,14,113,8,96,2,96,2,4,4,8,2
8/11/2015,478,243,177,29,25,24,136,6,2,9,20,21,19,22,18,26,42,36,51,60,44,0,0,4,6,6,6,6,4,8,1,95,99,5,70,61,18,107,8,101,4,99,6,4,6,8,4
8/12/2015,501,188,152,43,21,8,68,9,0,15,19,21,13,19,13,19,30,31,37,47,39,0,0,2,4,4,4,2,2,4,0,96,96,4,71,58,13,92,4,97,2,97,4,2,4,5,2
8/13/2015,346,153,128,19,15,0,49,8,2,8,12,22,13,14,7,15,22,25,28,43,34,0,0,2,2,2,2,2,2,2,1,62,62,7,45,44,7,74,2,63,2,63,2,2,2,3,2
8/14/2015,488,326,166,16,2,6,36,15,0,12,12,28,17,22,18,29,44,40,40,58,45,0,0,0,2,2,4,2,2,4,0,94,94,4,72,60,18,100,4,94,0,94,2,0,2,4,2
8/15/2015,536,197,219,34,13,2,39,10,2,29,10,19,21,22,9,28,40,37,47,66,45,0,0,0,4,2,4,2,2,4,2,95,95,8,66,56,9,100,4,95,0,95,4,0,2,4,2
8/16/2015,523,236,204,2,29,0,88,13,6,28,16,12,26,21,18,19,40,28,46,58,43,0,0,0,4,2,4,4,2,8,4,99,99,2,74,55,18,107,8,101,0,101,4,4,2,4,2
8/17/2015,391,171,158,36,31,0,93,8,4,12,19,21,9,5,11,16,31,30,43,55,33,1,1,2,6,4,5,3,2,6,3,79,81,7,55,40,11,87,6,82,2,80,6,2,4,6,2
8/18/2015,508,255,136,46,12,2,19,9,4,19,15,22,26,19,10,14,53,38,41,54,41,0,0,0,2,2,2,0,0,2,4,90,91,4,64,52,10,100,2,91,0,91,2,0,2,2,0
8/19/2015,522,168,143,61,12,4,33,7,0,12,14,23,23,13,21,18,34,41,38,56,36,0,0,0,2,2,4,2,0,4,0,84,83,5,67,52,21,101,4,83,0,83,2,2,2,4,0
8/20/2015,392,183,167,37,0,15,39,11,2,6,16,14,32,11,10,15,37,24,35,47,30,0,0,0,6,2,6,4,2,4,2,73,73,4,59,42,10,90,4,73,0,73,6,0,2,6,2
8/21/2015,461,262,171,38,20,29,79,3,0,13,18,23,23,23,13,30,38,38,47,58,46,1,1,4,0,0,4,4,0,8,0,98,98,6,64,63,13,100,8,100,6,100,0,4,0,5,0
8/22/2015,455,259,165,42,9,6,89,12,5,13,16,25,24,15,12,23,34,30,45,57,44,0,0,2,6,2,6,6,6,6,3,90,90,7,62,57,12,102,6,91,2,91,6,2,2,7,6
8/23/2015,486,291,208,34,33,0,14,15,2,20,30,24,20,15,15,14,35,46,50,60,48,0,0,0,0,0,2,2,0,2,2,98,98,2,83,50,15,118,2,98,0,98,0,0,0,2,0
8/24/2015,481,282,195,33,25,0,35,16,1,18,27,13,27,16,21,25,47,39,29,55,44,2,2,0,2,2,4,2,0,4,1,91,91,4,79,59,21,115,4,91,0,91,2,0,2,4,0
8/25/2015,474,289,107,22,13,0,87,8,2,14,23,28,26,14,11,19,34,35,40,43,42,0,0,4,2,2,4,4,2,6,1,85,87,4,75,54,11,111,6,88,4,90,2,2,2,5,2
8/26/2015,488,245,200,34,34,0,100,12,2,20,23,17,23,13,16,30,38,32,39,63,53,0,0,2,8,4,10,8,4,8,0,91,91,9,72,66,16,111,8,91,4,91,8,0,4,10,4
8/27/2015,419,332,106,17,9,6,41,9,1,14,21,24,22,17,13,23,35,36,47,40,34,0,0,0,2,2,2,0,0,4,0,84,84,4,74,41,13,102,4,85,0,85,2,2,2,2,0
8/28/2015,452,288,204,29,17,0,48,12,1,14,14,18,37,15,16,16,41,44,38,52,40,0,0,0,0,2,3,5,0,4,1,92,92,3,83,56,16,122,4,92,0,93,0,4,2,6,0
8/29/2015,398,304,156,33,9,10,33,5,4,16,22,18,23,18,20,28,28,36,49,50,36,1,1,2,0,0,3,3,0,2,1,85,85,5,64,43,20,98,2,85,2,85,0,0,0,3,0
8/30/2015,539,290,209,23,23,0,73,12,1,16,21,26,30,34,14,21,49,43,46,50,34,0,0,0,4,2,4,2,2,8,0,107,109,4,84,66,14,114,8,110,0,108,4,2,2,4,2
8/31/2015,447,229,116,52,25,8,81,12,3,15,16,12,19,14,13,18,36,45,47,53,32,0,0,2,6,2,4,4,4,6,1,84,84,4,65,48,13,99,6,85,2,85,6,2,2,5,4
9/1/2015,471,190,167,29,22,7,39,13,0,14,7,21,19,17,16,26,29,25,33,66,34,0,0,0,6,2,6,4,2,4,0,85,85,4,57,55,16,89,4,85,0,85,6,0,2,6,2
9/2/2015,326,136,101,29,19,3,85,4,0,11,17,15,9,6,9,17,28,39,26,32,21,0,0,4,4,2,6,6,4,6,0,59,59,2,53,31,9,71,6,60,4,60,4,2,2,7,4
9/3/2015,336,141,159,32,6,14,39,10,0,9,14,16,12,20,8,17,34,26,28,43,29,0,0,0,4,2,4,2,2,4,0,64,64,2,50,40,8,71,4,64,0,64,4,0,2,4,2
9/4/2015,418,250,154,31,16,21,78,6,0,14,21,16,16,17,21,13,37,33,44,50,40,1,1,4,2,2,4,4,2,4,0,90,88,6,58,56,21,91,4,91,4,92,2,4,2,5,2
9/5/2015,398,245,127,41,9,14,73,12,6,18,13,21,15,7,14,24,38,31,36,34,44,2,2,2,4,2,4,2,0,6,3,78,76,4,72,50,14,97,6,77,2,79,4,2,2,4,0
9/6/2015,350,155,122,39,15,11,84,9,0,11,8,11,13,14,12,20,24,22,38,41,31,0,0,2,6,4,4,2,2,6,0,71,73,6,46,47,12,66,6,74,2,74,6,2,4,5,2
9/7/2015,231,192,114,28,25,10,113,5,0,12,7,8,14,15,14,11,18,28,31,33,29,0,0,2,6,4,10,6,2,8,0,60,60,4,44,41,14,67,8,61,2,61,6,4,4,12,2
9/8/2015,257,189,110,25,15,6,19,9,4,8,8,8,24,8,10,10,34,24,27,29,31,0,0,0,2,2,2,0,0,2,2,52,51,5,47,35,10,65,2,52,0,52,2,0,2,2,0
9/9/2015,313,174,149,14,38,23,76,1,2,9,14,7,22,11,11,13,30,30,32,36,37,0,0,2,4,4,6,4,2,5,1,73,73,2,51,49,11,73,5,72,2,74,4,2,4,7,2
9/10/2015,309,177,90,24,13,2,33,5,2,14,13,13,24,13,5,9,30,20,21,42,27,0,0,0,2,2,2,0,0,5,2,55,56,1,46,35,5,76,5,57,0,55,2,0,2,2,0
9/11/2015,332,260,125,15,18,32,46,11,2,9,7,23,24,18,7,19,39,30,33,42,31,0,0,2,2,2,2,2,2,1,1,75,75,3,65,36,7,92,1,76,2,76,2,2,2,3,2
9/12/2015,391,255,110,28,0,19,45,9,2,12,21,19,21,13,19,17,36,33,36,46,30,0,0,0,2,0,2,2,2,5,1,72,72,3,59,48,19,88,5,73,0,73,2,2,0,2,2
9/13/2015,386,206,95,44,14,7,83,11,6,8,12,13,22,11,18,17,32,34,36,42,37,2,2,0,4,4,6,4,2,8,5,66,66,6,59,40,18,82,8,67,0,67,4,2,6,6,2
9/14/2015,317,177,168,0,9,8,40,9,0,10,9,15,21,8,14,13,27,23,25,43,29,0,0,2,2,2,2,2,0,4,0,66,68,1,47,42,14,75,4,68,2,66,2,0,2,2,0
9/15/2015,356,196,139,31,36,2,40,7,2,17,7,12,18,8,8,17,27,24,39,46,35,0,0,0,2,2,6,6,2,6,2,77,77,2,51,42,8,78,6,77,0,77,2,0,2,6,2
9/16/2015,312,172,94,20,2,12,41,3,0,13,12,13,11,3,4,12,25,35,26,31,32,0,0,0,2,2,2,0,0,4,0,59,59,4,54,37,4,74,4,60,0,60,2,2,2,2,0
9/17/2015,338,209,149,9,23,6,49,6,8,8,7,16,17,5,12,15,30,32,22,38,34,0,0,2,2,2,2,2,2,2,6,74,75,1,60,47,12,77,2,76,2,76,2,2,2,3,2
9/18/2015,261,145,208,0,19,9,82,6,2,16,14,15,12,7,18,10,21,28,25,43,33,0,0,0,4,0,10,10,6,8,2,56,55,2,47,40,18,76,8,55,0,55,4,2,0,10,6
9/19/2015,313,274,184,38,23,2,29,6,6,11,22,13,23,6,17,12,45,32,36,41,37,0,0,0,2,2,2,0,0,4,6,77,79,2,66,41,17,92,4,79,0,77,2,0,2,2,0
9/20/2015,286,292,166,33,36,14,130,10,0,18,20,17,13,15,15,10,33,34,42,54,27,0,0,4,6,4,6,6,6,8,0,81,83,5,65,52,15,98,8,85,4,85,6,4,4,8,6
9/21/2015,250,127,160,41,38,2,22,7,1,9,7,14,11,11,9,11,25,29,30,31,29,0,0,0,0,0,0,0,0,2,1,63,63,1,48,36,9,61,2,64,0,64,0,2,0,0,0
9/22/2015,326,98,148,14,9,2,46,6,2,22,11,9,15,3,8,8,21,29,24,35,20,0,0,0,2,0,2,2,0,6,2,59,59,0,51,30,8,77,6,60,0,60,2,2,0,2,0
9/23/2015,304,170,144,34,13,6,23,5,0,7,12,19,12,4,12,11,28,26,33,39,31,0,0,2,0,0,2,2,0,2,0,69,69,1,46,36,12,68,2,69,2,69,0,2,0,2,0
9/24/2015,237,238,103,36,19,0,28,4,0,12,9,6,13,13,6,11,35,26,34,31,23,0,0,0,0,2,4,4,0,2,0,69,69,1,44,32,6,59,2,69,0,69,0,0,2,4,0
9/25/2015,305,273,154,34,3,25,69,7,2,16,14,19,21,13,9,13,42,29,40,38,36,0,0,2,4,2,4,4,4,4,0,72,72,3,73,44,9,98,4,73,2,73,4,2,2,5,4
9/26/2015,310,197,174,23,12,5,14,10,3,12,12,16,20,13,12,12,25,31,31,37,33,0,0,0,0,0,2,2,0,2,3,66,66,1,57,32,12,87,2,66,0,66,0,2,0,2,0
9/27/2015,315,185,114,17,11,6,76,9,0,13,13,17,17,10,10,14,31,24,21,36,32,0,0,4,2,0,6,6,2,6,0,57,57,2,59,38,10,90,6,58,4,58,2,2,0,6,2
9/28/2015,244,246,100,10,15,13,107,6,0,13,18,10,20,13,6,10,30,17,31,36,31,0,0,2,8,6,8,4,4,8,0,58,58,6,52,38,6,79,8,59,2,59,8,2,6,9,4
9/29/2015,370,197,80,25,7,8,16,7,2,15,12,9,12,21,12,10,23,37,25,36,30,0,0,0,0,2,0,0,0,2,1,66,68,1,48,44,12,68,2,70,0,66,0,0,2,0,0
9/30/2015,279,197,136,13,12,12,79,6,0,10,7,15,12,23,8,10,27,21,32,38,28,0,0,0,6,6,10,2,2,8,0,66,66,3,44,43,8,63,8,66,0,66,6,0,6,10,2
10/1/2015,165,91,82,32,0,9,52,3,0,8,11,8,5,6,4,4,11,14,18,31,15,0,0,0,6,4,8,4,0,6,0,35,35,2,27,23,4,45,6,35,0,35,6,0,4,8,0
10/2/2015,107,105,41,2,6,7,14,3,0,8,5,11,6,1,2,4,7,16,11,16,16,0,0,0,0,0,2,0,0,2,0,24,26,1,18,17,2,30,2,26,0,24,0,0,0,2,0
10/3/2015,163,97,49,13,25,14,47,3,0,9,4,5,4,11,4,5,16,10,19,22,13,0,0,0,2,2,2,2,0,4,0,41,41,2,25,26,4,36,4,42,0,42,2,2,2,2,0
10/4/2015,134,52,59,17,27,9,38,1,2,2,4,6,5,4,2,9,14,16,14,21,10,0,0,0,4,4,4,0,0,4,1,32,31,3,19,16,2,26,4,32,0,32,4,0,4,4,0
10/5/2015,102,63,23,10,2,2,44,3,2,3,4,1,2,4,0,5,10,8,14,18,13,0,0,2,2,2,2,2,2,1,0,20,20,3,12,14,0,22,1,20,2,21,2,2,2,3,2
10/6/2015,63,56,50,14,0,0,24,1,2,2,2,0,1,0,1,9,9,10,11,9,12,0,0,0,2,2,2,0,0,3,1,20,21,2,10,11,1,13,3,21,0,20,2,0,2,2,0
10/7/2015,79,84,16,12,6,0,19,2,0,0,0,3,4,4,2,6,9,5,11,14,5,0,0,0,2,2,2,0,0,2,0,25,25,1,9,11,2,12,2,25,0,25,2,0,2,2,0
10/8/2015,66,44,38,21,10,18,82,1,0,0,1,3,0,2,2,7,5,12,10,11,14,0,0,2,4,4,4,2,2,5,0,24,24,3,17,19,2,22,5,25,2,26,4,4,4,5,2
10/9/2015,95,52,16,28,0,7,27,6,0,2,0,0,0,2,4,3,6,8,6,10,18,0,0,0,2,2,2,0,0,3,0,23,23,1,11,19,4,14,3,24,0,23,2,0,2,2,0
10/10/2015,85,14,106,4,2,0,8,2,0,2,2,0,4,4,2,4,9,10,9,12,10,0,0,0,0,0,2,0,0,2,0,23,23,1,14,15,2,17,2,23,0,23,0,0,0,2,0
10/11/2015,65,57,45,12,21,0,38,1,0,3,6,0,2,4,4,1,12,14,15,10,12,0,0,0,0,2,0,0,0,4,0,20,22,0,16,12,4,20,4,23,0,23,0,2,2,0,0
10/12/2015,56,68,3,19,7,2,87,0,2,3,2,0,2,3,0,5,12,8,9,7,14,0,0,2,6,6,6,2,2,6,1,16,16,4,12,16,0,15,6,17,2,17,6,2,6,7,2
10/13/2015,59,66,28,3,2,8,118,2,0,1,2,0,1,3,6,2,10,4,14,13,10,2,2,2,6,4,8,6,4,8,0,22,25,2,7,18,6,11,8,25,2,23,6,2,4,9,4
10/14/2015,40,16,45,18,9,8,112,2,0,2,2,0,2,2,0,2,12,11,7,10,6,0,0,4,4,4,6,6,4,6,0,16,15,2,16,12,0,25,6,18,4,18,4,4,4,8,4
10/15/2015,72,44,50,11,6,0,85,3,0,3,8,0,0,0,1,2,11,9,8,16,9,0,0,2,6,6,7,3,0,8,0,19,19,2,14,15,1,23,8,21,2,21,6,2,6,7,0
10/16/2015,51,73,30,3,0,23,50,1,2,0,4,0,1,5,4,0,10,9,8,8,10,0,0,0,2,2,3,3,2,6,1,20,20,0,14,16,4,17,6,21,0,20,2,2,2,3,2
10/17/2015,110,40,39,0,0,12,124,0,2,1,0,0,4,8,4,5,7,13,6,12,10,0,0,4,8,4,9,7,4,8,2,24,24,2,16,23,4,23,8,26,4,25,8,2,4,10,4
10/18/2015,57,52,38,4,7,4,114,2,0,2,4,3,0,6,4,1,8,9,9,12,10,0,0,2,6,2,6,6,4,8,0,18,18,1,14,18,4,24,8,20,2,20,6,6,2,7,4
10/19/2015,40,37,0,26,0,6,59,4,0,2,2,2,0,3,0,0,11,4,4,12,11,2,2,0,2,0,4,4,2,6,0,11,11,0,6,12,0,10,6,12,0,12,2,2,0,5,2
10/20/2015,53,17,26,48,20,0,59,5,0,1,3,0,0,2,1,1,5,10,2,9,12,0,0,0,8,2,8,6,4,6,0,15,15,1,13,20,1,15,6,15,0,15,8,0,2,8,4
10/21/2015,45,56,7,21,31,0,38,0,0,0,3,0,2,2,4,2,12,15,8,9,7,0,0,0,4,4,4,0,0,4,0,15,15,2,10,11,4,15,4,15,0,15,4,0,4,4,0
10/22/2015,73,26,67,18,11,0,77,0,0,2,5,2,0,4,3,2,14,12,15,8,11,0,0,0,8,4,7,3,0,8,0,22,22,2,10,16,3,15,8,22,0,23,8,0,4,9,0
10/23/2015,41,54,74,22,13,2,68,5,0,4,2,1,2,0,1,2,8,7,13,15,12,0,0,2,4,4,4,2,2,4,0,24,24,2,17,15,1,24,4,25,2,25,4,2,4,5,2
10/24/2015,54,66,38,21,6,0,26,4,0,2,0,3,4,0,4,3,16,9,15,11,6,1,1,2,0,0,1,1,0,2,0,19,19,2,10,8,4,18,2,20,2,19,0,2,0,1,0
10/25/2015,77,74,40,31,24,0,42,2,0,2,1,4,7,0,4,0,12,10,13,15,17,0,0,0,2,0,2,2,2,4,0,26,26,0,20,19,4,28,4,27,0,27,2,2,0,2,2
10/26/2015,80,47,25,28,6,26,67,1,2,1,5,0,2,4,1,3,9,11,10,16,14,0,0,2,2,2,4,4,2,4,1,25,25,1,13,20,1,21,4,26,2,26,2,4,2,5,2
10/27/2015,47,41,33,33,9,0,47,0,2,2,1,1,1,2,2,3,6,10,12,12,13,0,0,0,4,2,4,2,2,6,1,17,17,1,9,11,2,13,6,17,0,17,4,0,2,4,2
10/28/2015,59,48,19,24,0,8,63,0,0,2,2,2,4,0,0,4,10,7,14,7,10,1,1,0,4,6,5,1,0,6,0,17,17,3,14,9,0,17,6,17,0,18,4,2,6,5,0
10/29/2015,83,36,40,8,8,2,44,0,0,0,0,1,1,4,4,0,11,8,13,9,8,0,0,0,0,0,0,0,0,4,0,25,25,0,14,14,4,14,4,27,0,27,0,4,0,0,0
10/30/2015,101,22,35,19,22,13,6,0,0,0,0,1,0,8,2,5,12,12,14,8,13,0,0,0,0,0,0,0,0,2,0,23,24,3,13,14,2,13,2,24,0,23,0,0,0,0,0
10/31/2015,103,53,35,22,22,3,127,0,0,0,3,1,1,4,4,8,13,10,11,13,15,0,0,4,8,6,6,4,4,8,0,32,31,3,16,26,4,21,8,33,4,34,8,4,6,8,4
11/1/2015,35,12,8,8,0,2,76,2,0,0,0,0,0,0,2,1,4,7,6,6,3,2,2,2,2,4,4,4,4,4,0,7,7,1,9,5,2,10,4,8,2,8,2,2,4,5,6
11/2/2015,28,19,7,6,3,2,23,2,0,0,1,0,1,0,0,1,4,3,5,5,2,2,2,0,0,2,1,1,0,2,0,9,9,0,4,3,0,5,2,10,0,9,0,0,2,1,0
11/3/2015,24,6,21,16,2,0,42,0,2,2,0,1,1,1,0,0,4,3,6,4,6,0,0,0,2,0,2,2,0,4,0,9,9,0,5,9,0,9,4,9,0,11,2,2,0,2,0
11/4/2015,14,17,22,0,0,6,8,0,0,0,0,0,1,0,2,0,2,5,7,4,1,0,0,0,0,2,0,0,0,2,0,6,6,0,4,1,2,6,2,6,0,6,0,0,2,0,0
11/5/2015,0,28,3,8,23,0,73,0,0,0,4,0,2,2,0,1,3,5,5,6,5,1,1,0,4,2,7,5,0,6,0,7,7,1,4,7,0,11,6,9,0,9,4,2,2,7,0
11/6/2015,32,7,19,7,0,0,93,0,0,0,0,0,2,3,2,1,5,2,4,5,5,0,0,2,4,2,8,6,4,6,0,10,10,1,4,10,2,7,6,11,2,11,4,2,2,11,4
11/7/2015,23,0,9,9,0,0,26,0,0,0,0,0,0,2,0,2,3,1,1,5,4,0,0,0,2,0,0,0,0,2,0,5,9,0,0,8,0,1,2,9,0,9,2,0,0,0,0
11/8/2015,27,31,3,0,6,15,84,0,0,0,2,2,0,4,0,0,6,5,3,4,5,0,0,0,4,2,8,8,6,8,0,10,12,0,4,13,0,10,8,12,0,10,4,0,2,8,6
11/9/2015,14,19,0,0,0,0,49,0,0,0,4,0,0,0,0,1,4,6,0,2,2,0,0,2,2,4,6,4,0,4,0,2,2,1,2,3,0,9,4,2,2,2,2,0,4,6,0
11/10/2015,14,20,8,7,0,4,84,0,0,0,2,0,0,0,4,6,4,1,4,6,4,0,0,2,4,4,8,4,0,8,0,6,6,2,2,9,4,7,8,6,2,6,4,2,4,8,0
11/11/2015,31,8,0,20,2,0,103,0,0,0,0,2,0,0,0,2,4,6,7,4,3,0,0,4,4,4,8,6,4,8,0,8,8,2,6,5,0,13,8,9,4,9,4,4,4,10,4
11/12/2015,29,22,0,20,0,4,50,0,0,0,2,0,0,0,0,0,2,2,7,7,3,0,0,0,2,0,6,6,2,6,0,9,10,0,5,6,0,8,6,11,0,11,2,4,0,6,2
11/13/2015,13,14,12,8,7,2,59,0,0,0,0,0,0,0,0,2,5,4,6,4,3,0,0,2,4,2,2,2,2,4,0,9,8,1,5,6,0,7,4,9,2,9,4,2,2,3,2
11/14/2015,12,16,18,13,0,0,94,0,0,2,0,0,0,0,2,3,2,4,2,7,4,0,0,2,4,6,6,4,2,8,0,9,9,2,5,8,2,9,8,10,2,10,4,2,6,7,2
11/15/2015,11,20,11,0,6,6,88,0,0,0,0,0,0,0,2,2,5,3,3,2,3,0,0,2,6,4,6,4,4,6,0,8,8,2,5,10,2,6,6,9,2,9,6,2,4,7,4
11/16/2015,17,31,11,7,11,0,99,2,0,2,0,2,0,0,0,3,2,4,4,5,6,3,3,2,6,6,6,4,0,7,0,12,12,2,6,11,0,10,7,13,2,13,6,2,6,7,0
11/17/2015,8,12,14,2,6,0,93,0,0,0,0,0,4,0,0,4,5,2,5,2,2,0,0,2,6,4,6,4,4,9,0,6,8,2,3,5,0,6,9,8,2,7,6,0,4,6,4
11/18/2015,9,3,19,10,14,0,19,0,2,0,0,0,0,0,0,2,1,4,2,5,5,0,0,0,2,2,2,0,0,2,0,6,6,1,2,6,0,4,2,6,0,6,2,0,2,2,0
11/19/2015,4,19,16,11,4,6,73,0,0,0,2,0,0,0,2,1,5,6,4,3,6,0,0,4,2,2,4,4,4,4,0,6,6,1,9,6,2,13,4,7,4,7,2,2,2,5,4
11/20/2015,4,7,13,13,11,0,35,0,2,0,2,0,0,0,0,0,7,2,2,2,3,0,0,0,2,0,2,2,2,4,1,5,7,0,3,7,0,4,4,7,0,7,2,0,0,2,2
11/21/2015,0,26,7,0,2,7,71,2,0,0,0,0,0,0,0,6,4,1,3,2,4,2,2,0,6,4,4,0,0,8,0,7,7,3,1,9,0,1,8,8,0,7,6,0,4,4,0
11/22/2015,26,17,6,9,0,11,56,2,0,1,0,0,2,1,2,1,5,6,4,6,2,1,1,0,2,2,2,2,0,6,0,9,9,1,5,6,2,10,6,10,0,10,2,2,2,3,0
11/23/2015,19,24,8,0,0,12,74,0,0,0,0,0,0,0,0,2,5,6,4,1,2,0,0,4,2,2,4,4,2,5,0,9,10,1,9,6,0,12,5,13,4,12,2,2,2,5,2
11/24/2015,15,37,12,0,0,0,79,0,0,0,2,0,2,0,0,1,5,1,6,3,3,0,0,2,2,2,4,4,1,6,0,12,13,1,5,8,0,10,6,14,2,13,2,4,2,6,1
11/25/2015,15,30,2,9,6,7,90,4,0,0,0,0,0,2,0,1,1,4,3,5,5,3,3,0,4,2,6,6,7,9,0,9,10,0,6,11,0,6,9,10,0,10,6,2,2,6,7
11/26/2015,13,10,24,0,3,9,70,0,0,0,0,0,0,0,2,2,2,3,2,5,3,0,0,0,6,4,4,0,0,8,0,10,9,2,4,11,2,5,8,10,0,11,6,2,4,4,0
11/27/2015,10,3,26,12,0,0,25,2,0,0,2,0,0,0,0,2,4,3,3,5,3,0,0,0,2,0,2,2,0,2,0,6,6,0,2,4,0,6,2,6,0,6,2,2,0,2,0
11/28/2015,20,4,26,13,4,0,62,0,2,0,0,0,0,0,0,0,7,4,2,3,4,0,0,0,4,0,4,4,4,6,2,10,10,0,5,10,0,6,6,11,0,11,4,2,0,4,4
11/29/2015,24,13,4,27,0,0,129,0,0,0,1,0,0,0,0,2,3,2,8,5,5,0,0,4,6,4,6,6,4,8,0,13,15,2,6,13,0,11,8,17,4,15,6,6,4,9,4
11/30/2015,24,14,0,24,13,0,81,0,0,0,0,2,0,0,2,1,5,8,4,2,5,0,0,2,2,4,6,6,2,6,0,9,9,1,9,7,2,15,6,10,2,10,2,4,4,7,2
12/1/2015,23,0,0,14,0,6,53,0,0,0,3,2,4,2,0,0,3,1,3,2,2,2,2,0,4,0,4,6,2,4,0,5,5,0,2,5,0,6,4,5,0,6,4,0,0,6,2
12/2/2015,16,2,0,8,16,0,67,0,0,0,0,0,0,2,0,1,2,4,3,1,0,0,0,2,2,2,4,4,4,4,0,7,7,1,6,5,0,9,4,8,2,8,2,4,2,5,4
12/3/2015,11,5,6,0,0,0,141,0,0,2,2,0,0,0,2,3,1,2,1,2,4,0,0,4,6,8,8,6,4,8,0,5,5,3,5,8,2,12,8,7,4,7,6,6,8,10,4
12/4/2015,6,0,6,10,8,3,19,0,0,0,0,0,0,0,0,2,1,2,4,3,0,0,0,0,2,2,2,0,0,2,0,4,5,1,2,1,0,2,2,5,0,4,2,0,2,2,0
12/5/2015,16,0,8,3,0,5,59,0,0,4,0,2,0,0,0,3,0,3,3,6,1,0,0,0,2,0,8,8,4,4,0,3,2,0,1,4,0,9,4,2,0,3,2,0,0,9,4
12/6/2015,5,7,22,0,0,2,81,0,0,0,0,0,0,0,2,1,2,2,1,2,2,0,0,2,2,2,2,2,2,6,0,8,10,1,6,10,2,7,6,12,2,10,2,4,2,3,2
12/7/2015,6,11,0,4,2,0,38,0,0,0,2,0,0,0,0,1,1,1,2,2,1,0,0,2,2,2,2,2,1,1,0,3,3,1,3,3,0,6,1,4,2,3,2,2,2,3,1
12/8/2015,19,0,12,0,9,0,67,0,0,0,0,2,0,0,0,2,3,3,1,3,1,0,0,0,2,0,4,4,3,7,0,8,8,0,6,6,0,7,7,9,0,10,2,2,0,4,3
12/9/2015,6,7,3,0,0,5,48,2,0,0,0,2,0,0,0,1,3,1,1,2,2,3,3,0,2,0,2,2,0,4,0,4,6,0,0,6,0,2,4,6,0,5,2,0,0,4,0
12/10/2015,12,8,0,6,0,0,120,2,0,0,2,0,0,0,0,2,3,0,3,4,0,2,2,4,6,4,7,7,4,5,0,7,7,2,3,6,0,9,5,8,4,9,6,5,4,10,4
12/11/2015,4,3,6,0,11,0,46,0,0,0,2,0,0,0,0,1,2,4,1,2,1,0,0,0,4,2,2,0,0,5,0,3,5,1,2,5,0,3,5,6,0,5,4,1,2,2,0
12/12/2015,21,0,0,2,0,0,33,0,0,0,0,0,0,0,4,0,2,1,0,3,2,0,0,0,2,2,2,0,0,4,0,2,4,0,0,4,4,1,4,5,0,4,2,0,2,2,0
12/13/2015,10,17,15,0,0,0,118,2,0,0,0,2,0,0,2,5,2,1,4,0,4,2,2,2,8,8,8,4,2,8,0,7,7,4,5,8,2,6,8,8,2,8,8,2,8,9,2
12/14/2015,0,18,7,2,0,9,64,0,0,0,0,0,0,2,0,2,4,4,1,1,2,0,0,0,4,0,4,4,4,6,0,5,5,0,5,9,0,6,6,6,0,6,4,2,0,4,4
12/15/2015,8,13,9,0,0,8,34,0,0,2,0,2,2,0,0,2,2,2,4,2,2,0,0,0,0,0,4,2,2,4,0,4,4,0,3,3,0,6,4,4,0,4,0,0,0,6,2
12/16/2015,8,12,0,0,0,0,128,2,0,0,2,0,0,0,0,2,3,1,2,1,1,2,2,4,4,4,8,8,6,8,0,5,5,2,7,6,0,9,8,7,4,7,4,4,4,10,6
12/17/2015,6,2,0,0,0,6,57,2,0,1,0,0,0,0,0,1,4,0,1,2,0,1,1,0,4,2,6,4,2,6,0,1,1,1,1,3,0,3,6,1,0,1,4,2,2,6,2
12/18/2015,4,4,0,2,0,11,66,0,0,1,0,1,0,0,0,2,3,2,1,2,2,0,0,2,4,4,4,2,2,3,0,3,3,2,4,5,0,5,3,4,2,4,4,2,4,5,2
12/19/2015,6,0,14,7,6,0,40,4,0,0,0,0,2,0,0,0,1,1,3,2,3,4,4,0,2,2,3,3,0,3,0,5,5,0,1,3,0,2,3,5,0,5,2,0,2,3,0
12/20/2015,6,7,6,15,0,0,58,0,0,0,2,0,0,0,0,2,4,1,3,1,1,0,0,0,6,4,6,2,2,6,0,4,4,2,2,5,0,3,6,4,0,4,6,0,4,6,2
12/21/2015,0,34,0,0,0,0,49,2,0,0,0,1,0,0,0,1,2,0,5,1,1,0,0,0,2,6,2,0,0,8,0,4,6,1,3,3,0,3,8,6,0,6,2,0,8,2,0
12/22/2015,12,22,0,0,3,0,19,0,0,0,1,0,0,1,2,1,2,3,1,3,1,0,0,0,2,2,2,0,0,2,0,3,3,1,2,4,2,4,2,3,0,3,2,0,2,2,0
12/23/2015,0,13,12,0,0,0,59,2,0,0,0,2,0,0,0,2,1,3,2,0,2,1,1,0,0,0,4,4,0,6,0,6,4,0,5,3,0,9,6,5,0,7,0,4,0,5,0
12/24/2015,5,12,0,14,0,0,22,0,0,2,0,4,0,2,0,0,2,3,0,3,1,0,0,2,2,0,4,4,0,2,0,1,1,0,1,3,0,4,2,1,2,1,2,0,0,4,0
12/25/2015,7,2,26,0,0,6,87,0,0,0,0,0,0,0,2,3,0,3,4,4,2,0,0,2,6,6,6,2,2,6,0,6,6,3,4,7,2,7,6,7,2,7,6,2,6,7,2
12/26/2015,9,4,13,0,3,0,82,0,0,0,0,0,0,2,0,2,3,4,1,1,1,0,0,2,6,4,6,4,4,5,0,4,3,2,5,7,0,7,5,4,2,4,6,2,4,7,4
12/27/2015,6,14,0,0,3,4,44,0,0,0,0,0,0,2,0,2,1,2,1,4,0,0,0,0,4,4,4,0,0,5,0,3,4,2,1,5,0,2,5,4,0,4,4,0,4,4,0
12/28/2015,6,9,3,7,0,0,56,0,0,0,0,1,2,0,0,0,1,3,0,3,2,0,0,0,2,0,4,4,2,6,0,4,4,0,3,6,0,8,6,5,0,5,2,2,0,4,2
12/29/2015,16,11,6,0,9,0,28,0,0,0,0,1,0,0,0,2,2,4,0,2,5,1,1,2,0,2,3,1,0,2,0,4,4,0,4,6,0,6,2,5,2,4,0,0,2,3,0
12/30/2015,8,8,9,6,0,0,49,0,0,0,0,2,0,0,0,1,3,1,3,5,0,0,0,2,2,2,6,4,0,6,0,3,3,1,2,1,0,7,6,3,2,3,2,2,2,6,0
12/31/2015,23,9,6,0,0,0,39,0,0,0,2,0,0,0,0,1,1,3,2,2,2,0,0,0,4,2,4,2,2,4,0,4,4,1,3,5,0,5,4,4,0,4,4,0,2,4,2
1/1/2016,2,0,16,2,0,0,54,0,0,0,4,0,0,0,0,0,4,1,1,2,0,0,0,0,4,0,6,6,4,6,0,1,1,0,3,4,0,5,6,1,0,1,4,0,0,6,4
1/2/2016,6,0,9,10,0,0,20,0,0,0,0,0,0,2,0,0,2,1,2,2,1,0,0,0,2,0,2,2,2,2,0,3,3,0,0,4,0,1,2,3,0,3,2,0,0,2,2
1/3/2016,4,0,30,0,0,0,65,0,0,0,0,0,2,0,2,1,1,4,2,0,1,0,0,0,6,4,5,3,2,6,0,4,4,1,5,6,2,6,6,4,0,5,6,0,4,5,2
1/4/2016,6,5,14,0,0,0,109,0,2,0,0,2,0,0,6,3,0,1,2,4,1,1,1,4,2,2,5,5,2,8,2,6,8,1,2,6,6,7,8,9,6,7,2,2,2,7,2
1/5/2016,9,13,0,0,0,2,19,0,0,0,2,0,0,0,0,1,2,2,1,0,3,0,0,0,2,2,2,0,0,2,0,2,2,1,2,3,0,2,2,2,0,2,2,0,2,2,0
1/6/2016,9,7,0,10,0,0,101,1,0,0,2,0,0,0,0,1,2,2,2,3,2,0,0,2,2,6,6,8,2,6,0,4,6,1,4,6,0,12,6,7,2,7,2,6,6,9,2
1/7/2016,6,9,0,6,2,0,118,3,0,0,0,0,0,0,0,2,3,1,1,3,0,0,0,4,6,4,6,6,6,6,0,6,6,2,5,9,0,8,6,8,4,8,6,4,4,8,6
1/8/2016,19,6,0,9,0,0,47,0,0,0,0,0,1,0,0,1,0,4,1,4,3,0,0,0,4,2,3,1,0,6,0,4,4,1,3,6,0,7,6,5,0,4,4,2,2,3,0
1/9/2016,28,0,0,0,0,12,122,0,0,2,0,0,0,2,4,1,0,4,0,4,2,0,0,4,4,6,7,7,4,8,0,7,7,1,5,10,4,12,8,11,4,8,4,4,6,8,4
1/10/2016,0,14,7,8,2,0,67,0,0,0,0,2,0,0,2,3,4,1,1,3,1,1,1,0,2,2,3,1,0,8,0,7,7,1,3,5,2,4,8,8,0,9,2,2,2,3,0
1/11/2016,12,0,14,3,0,8,22,0,0,2,0,0,0,0,0,0,1,3,3,2,1,0,0,0,0,0,0,0,0,2,0,6,6,0,5,3,0,7,2,7,0,7,0,2,0,0,0
1/12/2016,6,0,4,4,0,10,56,0,0,0,0,2,2,2,0,0,2,2,1,2,3,0,0,2,2,2,6,6,2,6,0,2,2,0,1,3,0,6,6,2,2,2,2,0,2,6,2
1/13/2016,11,0,0,4,14,0,102,0,0,0,0,2,0,0,2,3,1,2,2,2,1,0,0,2,6,6,8,4,2,8,0,5,5,3,4,6,2,7,8,6,2,6,6,2,6,10,2
1/14/2016,0,32,0,0,0,0,87,0,0,0,0,0,1,2,0,3,2,2,0,4,1,0,0,2,6,6,6,2,2,6,0,5,5,3,4,8,0,6,6,6,2,6,6,2,6,7,2
1/15/2016,8,15,6,0,0,0,100,0,0,0,0,1,0,0,2,2,0,1,3,2,1,0,0,2,6,4,5,3,2,8,0,7,7,2,5,8,2,7,8,8,2,9,6,4,4,6,2
1/16/2016,15,6,0,0,0,4,66,0,0,0,0,0,1,4,0,1,2,1,2,1,1,0,0,3,2,2,6,4,4,5,0,4,4,1,3,3,0,5,5,4,3,5,2,0,2,7,4
1/17/2016,32,4,2,0,0,0,89,0,0,0,0,1,0,0,2,1,3,1,0,3,2,0,0,1,4,2,4,2,2,9,0,7,9,1,5,12,2,6,9,11,1,10,4,4,2,5,2
1/18/2016,26,21,3,0,0,0,8,0,0,0,0,2,1,0,0,2,1,2,2,2,3,0,0,0,0,0,0,0,0,2,0,6,6,0,4,6,0,5,2,6,0,6,0,0,0,0,0
1/19/2016,17,13,0,21,0,0,97,0,0,1,0,0,0,0,0,3,3,2,3,2,4,0,0,2,8,6,8,4,2,8,0,6,8,3,5,11,0,6,8,9,2,7,8,2,6,9,2
1/20/2016,9,21,6,0,3,0,20,0,0,1,0,0,0,0,0,2,1,3,4,3,2,0,0,0,2,0,2,2,2,2,0,4,4,0,2,3,0,4,2,4,0,4,2,0,0,2,2
1/21/2016,14,9,0,6,0,0,98,0,0,0,0,0,0,2,0,2,2,0,2,2,2,0,0,4,4,4,4,4,4,4,0,8,8,2,4,9,0,6,4,10,4,10,4,4,4,6,4
1/22/2016,2,11,0,0,0,7,76,0,0,0,0,0,0,2,0,1,1,0,3,1,3,0,0,0,4,2,6,4,4,8,0,4,4,1,2,7,0,2,8,5,0,5,4,2,2,7,4
1/23/2016,2,0,18,11,0,0,20,0,0,0,2,0,0,0,0,0,4,2,1,2,3,0,0,0,2,0,2,2,2,2,0,2,2,0,3,4,0,4,2,2,0,2,2,0,0,2,2
1/24/2016,9,3,6,6,0,0,74,0,0,0,0,0,1,0,0,3,2,1,2,1,1,0,0,2,6,6,6,2,0,5,0,4,4,3,2,5,0,5,5,5,2,4,6,2,6,7,0
1/25/2016,11,7,0,9,0,4,76,0,0,0,0,0,0,4,0,3,3,3,2,1,1,0,0,0,6,6,6,0,2,9,0,4,4,3,3,6,0,3,9,4,0,5,6,0,6,6,2
1/26/2016,18,3,0,0,2,0,33,0,0,0,1,1,0,2,0,1,2,1,1,3,1,0,0,0,2,2,4,2,0,4,0,2,2,1,0,3,0,3,4,2,0,2,2,2,2,4,0
1/27/2016,6,11,13,0,0,0,96,0,0,0,0,0,0,0,2,1,3,2,2,1,2,2,2,4,4,2,5,5,2,6,0,7,5,1,5,8,2,8,6,6,4,9,4,4,2,8,2
1/28/2016,10,12,2,2,0,0,70,0,0,0,2,0,2,0,0,1,0,2,1,4,3,1,1,2,6,2,5,3,0,8,0,3,3,1,1,8,0,6,8,3,2,4,6,0,2,6,0
1/29/2016,23,0,6,3,7,0,16,0,0,0,0,0,1,2,0,0,5,2,2,2,2,0,0,2,0,0,2,2,0,2,0,4,4,0,2,2,0,5,2,4,2,4,0,0,0,2,0
1/30/2016,0,25,9,0,0,0,38,0,0,2,0,0,0,0,0,2,2,1,4,1,2,0,0,0,4,4,4,0,0,4,0,4,4,2,2,3,0,3,4,4,0,4,4,0,4,4,0
1/31/2016,9,0,11,2,0,0,60,0,0,0,0,0,0,0,2,0,3,0,1,3,1,0,0,0,4,2,6,4,4,6,0,2,4,0,0,8,2,0,6,4,0,4,4,0,2,6,4
2/1/2016,49,4,32,12,15,0,12,0,0,0,0,0,0,0,2,2,7,5,7,8,8,0,0,0,0,0,2,0,0,2,0,14,14,0,3,11,2,5,2,14,0,14,0,0,0,2,0
2/2/2016,35,31,9,24,10,0,39,0,0,0,0,0,0,2,0,0,4,6,5,13,9,0,0,0,2,0,3,3,4,4,0,14,14,0,5,11,0,6,4,15,0,15,2,0,0,3,4
2/3/2016,35,13,0,6,3,18,97,2,0,0,0,0,2,0,2,2,4,4,6,6,5,1,1,2,4,2,9,9,4,8,0,10,10,0,3,9,2,10,8,12,2,12,4,2,2,9,4
2/4/2016,35,34,14,0,7,0,39,0,0,0,2,0,0,0,0,1,6,6,8,5,6,0,0,0,4,2,4,2,2,4,0,10,10,1,6,7,0,7,4,10,0,10,4,0,2,4,2
2/5/2016,17,29,46,0,0,0,71,2,0,0,2,0,0,0,2,1,4,4,8,4,6,2,2,2,2,2,4,4,2,4,0,14,14,1,7,8,2,9,4,15,2,15,2,2,2,7,2
2/6/2016,19,9,9,27,2,7,68,0,0,0,0,0,0,2,0,2,10,6,6,8,4,0,0,2,4,4,4,2,2,4,0,8,8,2,6,7,0,9,4,9,2,9,4,2,4,5,2
2/7/2016,22,24,19,29,9,0,31,2,2,0,2,0,0,0,0,0,3,10,2,2,11,1,1,0,0,0,4,2,0,4,1,10,13,0,9,12,0,11,4,13,0,11,0,0,0,4,0
2/8/2016,21,25,29,8,15,0,20,0,0,2,0,0,0,0,0,0,10,8,2,8,7,0,0,0,2,0,2,2,2,2,0,10,9,0,7,9,0,10,2,9,0,9,2,0,0,2,2
2/9/2016,19,12,17,15,6,3,42,0,0,0,0,1,0,0,0,0,3,5,7,6,5,0,0,0,2,0,2,2,2,4,0,10,10,0,6,7,0,8,4,11,0,11,2,2,0,2,2
2/10/2016,52,13,0,0,21,13,31,0,0,0,4,1,0,0,0,0,5,7,8,11,6,0,0,0,0,2,2,4,0,4,0,10,10,0,5,4,0,14,4,10,0,10,0,2,2,5,0
2/11/2016,34,17,7,9,11,7,45,0,0,0,0,1,0,2,0,1,4,6,4,7,9,0,0,0,4,2,4,2,2,6,0,9,9,1,4,10,0,7,6,9,0,9,4,0,2,4,2
2/12/2016,8,6,34,6,30,0,46,0,0,2,2,0,0,0,0,4,2,5,9,5,2,0,0,0,0,0,3,3,2,6,0,12,12,0,7,5,0,11,6,13,0,12,0,2,0,3,2
2/13/2016,27,23,19,11,22,0,90,0,0,0,4,0,2,0,0,3,4,9,6,6,8,2,2,2,4,2,8,6,2,8,0,13,12,1,8,11,0,15,8,12,4,14,4,0,2,8,2
2/14/2016,8,44,16,27,0,17,95,0,0,0,0,0,0,0,2,1,6,10,10,4,5,0,0,2,6,2,6,6,4,6,0,14,17,1,10,12,2,15,6,18,2,17,6,4,2,7,4
2/15/2016,19,6,15,14,3,3,85,0,0,2,2,0,0,0,0,2,5,5,5,7,4,0,0,2,4,4,6,4,2,6,0,7,7,2,5,6,0,13,6,8,2,8,4,4,4,7,2
2/16/2016,18,37,13,25,8,7,43,0,0,2,0,0,0,0,2,3,4,9,7,6,8,0,0,0,6,2,6,4,0,4,0,9,9,1,7,13,2,11,4,9,0,9,6,0,2,6,0
2/17/2016,12,17,11,9,8,0,110,0,0,0,0,0,0,0,4,1,5,3,7,4,3,0,0,2,4,2,6,6,4,8,0,10,10,1,6,9,4,10,8,12,2,12,4,6,2,8,4
2/18/2016,11,26,20,14,3,13,20,0,2,2,0,0,0,0,0,0,7,8,7,5,4,0,0,2,0,0,2,2,0,2,0,9,9,0,6,4,0,10,2,9,4,9,0,0,0,2,0
2/19/2016,15,1,15,9,18,0,25,0,0,0,0,0,0,2,2,1,3,5,5,7,2,0,0,0,2,2,2,0,0,4,0,6,5,1,4,2,2,5,4,5,0,6,2,0,2,2,0
2/20/2016,30,26,22,12,2,0,60,0,0,0,0,0,1,0,0,0,3,4,5,9,7,0,0,0,6,0,6,6,6,6,0,11,12,0,5,13,0,5,6,12,0,11,6,0,0,6,6
2/21/2016,8,14,4,22,0,6,22,0,0,0,4,0,0,0,0,0,5,5,3,5,4,1,1,2,0,0,1,1,0,2,0,6,6,0,2,4,0,6,2,6,2,7,0,0,0,1,0
2/22/2016,18,18,0,20,6,6,91,0,0,0,0,0,1,0,2,2,4,3,6,8,5,0,0,2,6,4,4,4,4,8,0,10,10,1,3,10,2,7,8,11,2,11,6,2,4,5,4
2/23/2016,33,13,29,9,18,11,57,0,0,0,2,0,0,0,0,4,2,7,7,7,8,0,0,0,2,2,4,0,0,8,0,16,16,1,9,12,0,11,8,17,0,17,2,2,2,4,0
2/24/2016,32,18,20,6,7,0,19,0,0,0,0,1,0,0,0,1,6,7,6,7,5,0,0,0,2,2,2,0,0,2,0,9,9,1,5,5,0,6,2,9,0,9,2,0,2,2,0
2/25/2016,53,8,16,16,2,2,97,2,0,0,0,1,0,2,0,1,7,3,9,7,7,2,2,0,6,2,6,4,2,8,0,16,16,1,6,13,0,8,8,18,0,17,6,4,2,6,2
2/26/2016,12,23,17,0,11,0,49,2,0,0,0,0,0,0,0,1,8,5,2,8,3,0,0,2,2,2,2,2,2,2,0,7,7,1,7,6,0,10,2,8,2,8,2,2,2,3,2
2/27/2016,9,23,27,23,2,4,71,0,0,0,0,1,0,2,0,1,7,4,6,5,6,0,0,2,2,2,2,2,2,4,0,15,15,1,7,10,0,10,4,17,2,17,2,4,2,3,2
2/28/2016,57,38,2,0,6,0,82,0,0,0,0,0,2,2,0,2,6,5,9,5,10,0,0,2,4,4,6,4,2,6,0,14,14,2,7,12,0,10,6,15,2,15,4,2,4,7,2
2/29/2016,22,14,20,10,11,0,19,0,0,0,0,0,0,0,2,1,4,4,1,5,8,0,0,0,2,2,2,0,0,2,0,9,9,1,3,9,2,4,2,9,0,9,2,0,2,2,0
3/1/2016,30,13,7,21,6,0,90,1,0,0,0,2,0,0,0,2,7,5,2,9,3,0,0,2,6,4,6,4,2,6,0,11,9,2,9,11,0,11,6,11,2,11,6,4,4,7,2
3/2/2016,25,39,33,3,0,8,22,0,0,0,2,3,0,0,0,0,9,5,5,6,10,0,0,0,0,0,2,2,2,2,0,12,13,0,4,9,0,12,2,12,0,12,0,2,0,2,2
3/3/2016,17,31,6,23,9,2,10,0,0,1,0,0,0,0,0,0,6,7,7,3,9,0,0,0,0,0,0,0,0,2,0,9,10,0,7,7,0,8,2,11,0,9,0,0,0,0,0
3/4/2016,23,2,12,14,6,2,89,1,0,1,0,0,0,0,0,3,1,1,10,5,4,0,0,2,6,4,6,2,2,6,0,9,11,3,4,7,0,6,6,13,2,12,6,2,4,7,2
3/5/2016,24,46,17,0,12,8,108,0,0,1,0,4,0,4,0,3,3,11,5,6,9,0,0,2,2,2,7,7,2,8,0,14,14,1,12,13,0,22,8,15,2,16,2,8,2,8,2
3/6/2016,33,21,6,2,18,0,58,1,0,0,0,4,0,0,0,1,2,4,8,5,5,0,0,2,2,6,6,4,0,6,0,10,10,1,4,5,0,9,6,10,2,10,2,0,6,7,0
3/7/2016,13,25,6,0,24,0,45,0,0,0,3,2,0,2,2,0,8,8,6,6,5,1,1,2,2,0,3,3,0,4,0,6,6,0,5,3,2,10,4,6,2,6,2,0,0,3,0
3/8/2016,30,4,2,9,0,2,78,2,0,0,0,0,0,0,0,2,3,3,5,2,7,0,0,2,6,4,4,2,2,6,0,6,6,2,5,9,0,6,6,7,2,7,6,2,4,5,2
3/9/2016,17,19,18,7,7,0,117,0,0,2,0,2,0,4,2,3,1,4,3,5,7,1,1,2,2,2,7,5,2,8,0,13,13,1,7,15,2,12,8,16,2,15,2,4,2,8,2
3/10/2016,50,43,5,8,0,5,39,2,0,0,0,0,0,0,0,1,4,4,7,11,9,0,0,0,4,2,4,2,2,4,0,14,14,1,4,11,0,6,4,14,0,14,4,0,2,4,2
3/11/2016,25,23,14,0,4,3,48,3,0,0,2,0,0,2,0,1,6,5,4,9,4,2,2,2,0,0,5,3,0,6,0,7,7,0,3,5,0,8,6,9,2,9,0,0,0,5,0
3/12/2016,12,20,16,10,2,0,98,1,0,2,0,2,0,0,0,3,4,7,4,2,5,1,1,2,2,2,3,3,2,6,0,11,13,1,8,9,0,12,6,15,2,15,2,4,2,4,2
3/13/2016,44,25,0,28,2,2,97,4,0,0,0,0,4,0,0,1,6,5,8,8,10,2,2,2,4,4,6,4,0,8,0,14,14,1,8,11,0,15,8,16,2,15,4,2,4,6,0
3/14/2016,43,16,2,15,12,0,37,0,0,0,0,2,0,0,4,2,4,7,11,6,3,1,1,0,0,2,3,1,0,4,0,11,11,0,4,3,4,8,4,11,0,11,0,0,2,5,0
3/15/2016,23,29,9,19,13,4,61,2,0,0,0,0,0,0,0,2,4,3,6,6,7,0,0,2,4,4,5,3,0,6,0,14,14,2,5,10,0,7,6,14,2,15,4,0,4,7,0
3/16/2016,21,4,23,4,19,0,81,0,0,0,4,2,6,2,0,0,7,4,6,7,4,0,0,0,2,2,7,7,2,8,0,9,9,0,3,6,0,13,8,10,0,9,2,2,2,7,2
3/17/2016,40,14,6,7,15,4,75,0,0,0,0,2,1,0,2,0,7,5,9,4,3,0,0,0,0,4,4,4,2,8,0,13,15,0,7,6,2,10,8,15,0,17,0,2,4,5,2
3/18/2016,19,30,19,9,0,0,106,1,0,5,0,2,0,2,0,2,5,4,7,3,6,0,0,2,6,4,8,6,4,8,0,10,10,2,7,11,0,11,8,11,2,11,6,2,4,9,4
3/19/2016,16,17,35,8,3,0,61,0,0,0,1,0,1,0,0,3,6,6,5,4,5,0,0,0,4,2,4,2,2,6,0,10,10,1,7,9,0,10,6,11,0,11,4,2,2,4,2
3/20/2016,26,20,15,16,0,4,50,1,0,2,0,0,0,0,2,2,7,6,6,6,6,0,0,0,2,2,4,4,2,4,0,8,10,0,5,7,2,9,4,10,0,10,2,0,2,4,2
3/21/2016,29,34,8,17,0,12,59,0,0,0,0,0,0,0,2,1,7,5,7,8,8,0,0,0,6,2,6,4,4,6,0,11,11,1,4,12,2,6,6,11,0,11,6,0,2,6,4
3/22/2016,2,18,0,24,6,1,14,0,0,0,0,0,0,0,2,0,3,3,6,4,5,0,0,0,0,0,2,2,2,2,0,5,5,0,1,3,2,2,2,5,0,5,0,0,0,2,2
3/23/2016,35,2,0,9,7,0,89,0,0,0,2,0,0,0,2,3,6,6,4,2,4,0,0,0,6,4,6,4,2,8,0,4,8,1,5,11,2,8,8,8,0,8,6,2,4,6,2
3/24/2016,25,26,7,32,0,2,19,2,0,0,0,0,0,1,0,0,4,9,4,5,9,1,1,2,0,0,2,2,0,2,0,9,8,0,9,7,0,11,2,8,2,9,0,0,0,2,0
3/25/2016,40,38,0,11,6,6,19,1,0,0,0,0,1,0,0,1,9,7,7,8,5,0,0,0,2,2,2,0,0,2,0,11,12,1,5,6,0,7,2,12,0,11,2,0,2,2,0
3/26/2016,51,26,9,13,0,0,43,0,0,0,2,0,1,1,0,1,5,7,7,4,7,0,0,2,2,2,4,2,2,4,0,11,11,1,7,7,0,11,4,11,2,11,2,2,2,5,2
3/27/2016,49,20,7,15,2,3,60,1,0,2,0,0,0,0,0,2,7,8,6,5,6,0,0,0,4,4,4,0,0,6,0,11,11,2,11,9,0,13,6,12,0,12,4,2,4,4,0
3/28/2016,30,23,8,8,2,0,82,0,0,0,0,2,2,0,0,2,4,5,7,4,5,0,0,2,4,4,6,4,2,6,0,9,9,2,9,6,0,12,6,10,2,10,4,2,4,7,2
3/29/2016,43,29,0,9,1,0,39,0,0,0,0,0,0,0,0,3,4,7,3,4,5,0,0,0,4,2,4,2,2,4,0,10,10,1,6,8,0,6,4,10,0,10,4,0,2,4,2
3/30/2016,38,0,8,9,24,13,68,0,0,0,2,0,0,0,0,2,8,7,7,10,5,0,0,2,4,4,4,2,2,4,0,10,10,2,10,7,0,13,4,11,2,11,4,2,4,5,2
3/31/2016,32,27,12,12,14,7,30,1,0,0,0,1,1,0,0,0,8,7,4,8,6,0,0,0,4,0,2,2,2,4,0,12,11,0,8,10,0,8,4,11,0,12,4,0,0,2,2
4/1/2016,41,13,12,14,20,3,18,1,0,0,2,1,0,0,0,0,4,9,7,9,8,1,1,0,0,0,1,1,0,2,0,10,11,0,8,7,0,13,2,12,0,10,0,0,0,1,0
4/2/2016,32,23,20,18,9,4,57,0,0,0,0,1,0,0,0,5,8,11,5,7,7,0,0,0,6,6,6,0,0,6,0,10,10,4,7,9,0,11,6,10,0,10,6,0,6,6,0
4/3/2016,22,25,15,15,6,0,48,1,0,0,0,3,0,0,2,0,5,5,7,6,4,1,1,0,2,0,3,3,2,4,0,11,12,0,5,8,2,8,4,14,0,11,2,0,0,3,2
4/4/2016,10,36,14,7,8,3,109,0,0,0,0,0,2,0,0,3,7,5,5,6,4,0,0,2,6,6,6,2,2,8,0,12,13,3,9,11,0,12,8,14,2,14,6,4,6,7,2
4/5/2016,11,32,18,22,0,12,92,0,0,0,0,0,1,0,1,2,9,6,7,4,8,1,1,2,6,6,9,5,2,8,0,11,11,2,6,11,1,9,8,11,2,12,6,2,6,9,2
4/6/2016,45,33,25,10,4,15,57,0,0,0,0,0,0,0,0,2,8,9,8,14,10,0,0,2,2,2,4,2,0,6,0,17,17,1,6,12,0,13,6,18,2,18,2,2,2,4,0
4/7/2016,48,13,8,6,0,14,81,0,0,1,0,0,0,0,1,1,4,6,3,9,6,0,0,0,6,2,6,4,4,8,0,12,12,1,6,14,1,9,8,13,0,13,6,2,2,6,4
4/8/2016,12,45,10,9,0,10,20,1,0,0,0,1,0,0,1,1,7,2,5,8,8,1,1,2,0,0,1,1,0,2,0,10,10,1,3,8,1,5,2,10,2,11,0,0,0,1,0
4/9/2016,29,27,3,12,7,0,42,0,0,0,0,0,0,0,1,2,3,4,9,7,4,0,0,0,2,2,4,4,2,4,0,10,9,0,3,7,1,6,4,10,0,10,2,2,2,4,2
4/10/2016,28,40,23,19,10,0,20,1,0,1,0,0,1,0,0,0,15,7,5,13,6,0,0,0,2,0,2,2,2,2,0,12,13,0,6,8,0,10,2,12,0,12,2,0,0,2,2
4/11/2016,41,29,15,11,0,6,69,0,0,0,0,1,1,0,0,1,7,5,9,11,10,0,0,2,4,2,4,4,4,4,0,12,12,1,7,11,0,10,4,13,2,13,4,2,2,5,4
4/12/2016,36,48,17,8,11,9,49,0,0,0,0,0,0,0,0,4,8,8,7,9,8,0,0,2,2,2,4,2,0,6,0,16,18,1,8,11,0,10,6,20,2,16,2,0,2,4,0
4/13/2016,30,10,31,23,13,14,14,0,0,0,0,0,1,0,1,0,15,5,6,9,7,0,0,0,0,0,2,2,2,2,0,14,14,0,6,8,1,6,2,14,0,14,0,0,0,2,2
4/14/2016,35,34,8,0,8,0,53,0,0,0,0,1,0,0,0,3,10,6,5,4,6,0,0,1,4,4,4,2,2,3,0,10,9,2,7,7,0,8,3,10,1,11,4,0,4,5,2
4/15/2016,80,16,18,18,11,2,64,0,0,0,0,2,0,0,1,1,8,8,11,8,13,0,0,3,2,2,2,2,2,3,0,20,20,1,10,14,1,13,3,22,3,21,2,4,2,3,2
4/16/2016,69,9,24,8,2,7,57,0,0,2,0,1,1,3,0,1,10,5,12,12,4,0,0,2,2,2,6,4,0,6,0,14,17,1,5,7,0,11,6,16,2,14,2,0,2,6,0
4/17/2016,37,19,3,13,9,4,80,2,0,2,0,1,0,4,0,2,8,2,8,7,8,3,3,0,2,0,4,4,2,8,0,14,14,0,3,9,0,6,8,16,0,15,2,2,0,4,2
4/18/2016,25,30,17,7,7,0,34,0,0,0,0,0,0,2,0,0,4,4,2,7,10,0,0,0,2,0,4,4,4,4,0,10,10,0,4,11,0,4,4,10,0,10,2,0,0,4,4
4/19/2016,29,29,5,13,6,0,28,0,0,0,0,0,0,1,2,0,7,4,7,5,7,0,0,0,0,0,4,2,2,4,0,9,11,0,3,6,2,4,4,11,0,9,0,0,0,4,2
4/20/2016,41,44,1,11,4,6,20,0,0,0,0,0,0,2,0,0,11,8,8,10,8,0,0,0,2,0,2,2,2,2,0,10,10,0,6,8,0,8,2,10,0,10,2,0,0,2,2
4/21/2016,33,25,6,6,6,17,20,0,0,0,0,0,0,0,0,1,1,6,8,9,8,0,0,0,2,0,2,2,2,2,0,11,11,0,4,8,0,6,2,11,0,11,2,0,0,2,2
4/22/2016,20,33,25,17,20,0,18,1,0,0,0,0,0,0,0,1,8,10,7,7,8,0,0,0,2,0,0,0,0,2,0,12,14,0,8,8,0,11,2,14,0,16,2,0,0,0,0
4/23/2016,24,34,26,30,6,0,60,0,0,1,0,0,0,0,0,2,7,6,8,13,7,1,1,2,4,4,3,1,0,6,0,16,18,2,4,12,0,8,6,18,2,17,4,0,4,3,0
4/24/2016,21,37,9,20,18,15,91,0,0,0,0,1,0,0,0,1,8,7,5,11,12,1,1,4,2,2,3,3,2,6,0,18,18,1,10,16,0,14,6,21,4,20,2,4,2,4,2
4/25/2016,33,15,4,25,0,0,39,0,0,0,0,0,0,2,0,1,5,8,4,4,5,0,0,0,4,2,4,2,2,4,0,7,7,1,8,8,0,8,4,7,0,7,4,0,2,4,2
4/26/2016,31,26,2,4,7,0,50,1,0,0,0,1,0,0,0,0,5,4,6,7,4,0,0,0,2,2,2,2,2,6,0,10,10,0,5,7,0,6,6,11,0,11,2,2,2,2,2
4/27/2016,42,34,6,9,6,0,35,0,0,0,1,4,0,2,0,1,3,7,7,7,6,0,0,0,2,2,4,2,0,4,0,11,11,1,7,6,0,10,4,11,0,11,2,0,2,4,0
4/28/2016,17,34,24,25,7,9,16,0,0,2,0,0,0,2,1,0,8,10,9,9,8,0,0,0,0,0,2,2,0,2,0,12,12,0,7,5,1,12,2,12,0,12,0,0,0,2,0
4/29/2016,44,14,20,17,8,8,87,0,0,1,3,0,0,0,0,2,6,8,10,3,6,0,0,0,4,6,6,2,0,8,0,15,17,2,11,11,0,14,8,18,0,18,4,2,6,7,0
4/30/2016,23,56,9,19,12,0,41,0,0,0,0,0,0,0,2,1,9,12,9,10,6,0,0,0,2,2,2,0,0,4,0,13,13,1,10,8,2,14,4,14,0,14,2,2,2,2,0
5/1/2016,93,98,95,6,7,9,49,3,0,1,6,8,0,2,6,2,18,17,15,9,15,0,0,2,2,2,2,2,2,2,0,36,36,1,23,22,6,28,2,37,2,37,2,2,2,3,2
5/2/2016,74,73,46,2,11,11,49,0,0,3,0,3,2,10,6,2,19,9,11,18,8,0,0,2,2,2,2,2,0,6,0,24,24,0,8,16,6,17,6,24,2,24,2,2,2,2,0
5/3/2016,134,69,71,30,29,4,50,2,0,4,7,7,3,4,3,2,21,21,16,19,16,1,1,0,8,2,7,3,0,4,0,32,32,1,27,23,3,33,4,32,0,32,8,0,2,7,0
5/4/2016,91,20,30,27,9,2,73,0,0,3,4,2,1,0,2,2,6,15,8,13,13,1,1,0,2,4,3,3,2,6,0,20,22,0,15,15,2,22,6,23,0,23,2,2,4,3,2
5/5/2016,163,53,24,37,21,0,24,2,0,0,2,3,5,1,5,4,22,21,16,10,19,0,0,2,0,0,2,2,0,2,0,29,29,0,25,20,5,32,2,29,2,29,0,0,0,2,0
5/6/2016,85,93,65,20,13,6,103,1,4,3,5,7,5,1,6,3,10,12,15,14,17,0,0,2,4,6,6,4,4,8,3,29,31,2,24,21,6,34,8,32,2,32,4,2,6,8,4
5/7/2016,121,54,43,22,16,14,60,4,0,3,4,4,2,3,2,3,17,13,14,19,13,0,0,0,6,0,6,6,6,6,0,26,26,0,20,19,2,30,6,26,0,26,6,0,0,6,6
5/8/2016,100,62,46,14,2,6,34,4,0,6,6,4,1,3,2,2,16,12,13,19,6,0,0,0,2,0,4,4,2,4,0,20,20,0,18,11,2,31,4,20,0,20,2,0,0,4,2
5/9/2016,112,60,44,47,48,8,26,5,0,0,4,4,7,8,6,4,19,12,22,25,19,0,0,2,0,2,2,2,0,2,0,31,31,1,17,15,6,29,2,31,2,31,0,0,2,2,0
5/10/2016,124,117,53,21,28,23,68,1,0,4,6,8,3,3,7,4,20,19,22,22,16,0,0,0,8,4,4,0,0,8,0,38,40,2,25,25,7,34,8,40,0,40,8,0,4,4,0
5/11/2016,118,75,10,34,28,0,78,3,0,0,2,6,2,1,4,4,9,17,12,13,19,2,2,0,6,4,7,3,2,8,0,29,29,2,19,23,4,24,8,29,0,30,6,0,4,8,2
5/12/2016,82,83,30,46,15,25,81,3,0,2,6,5,4,1,4,7,15,18,18,24,8,0,0,2,6,6,6,2,2,5,0,31,30,3,17,14,4,27,5,31,2,31,6,2,6,7,2
5/13/2016,161,49,41,11,9,0,141,3,0,2,2,2,9,1,10,6,16,15,18,15,15,0,0,4,6,8,8,6,4,9,0,29,30,3,19,23,10,30,9,32,4,32,6,4,8,10,4
5/14/2016,163,69,46,25,17,0,10,3,0,6,1,5,3,9,3,9,16,15,21,19,15,0,0,0,0,0,2,0,0,2,0,31,31,3,22,17,3,28,2,31,0,31,0,0,0,2,0
5/15/2016,175,70,26,21,23,9,14,4,2,2,3,0,5,9,6,5,13,15,18,25,15,0,0,0,0,0,0,0,0,2,2,33,35,0,17,20,6,27,2,35,0,37,0,0,0,0,0
5/16/2016,87,69,79,23,9,17,19,1,0,4,1,3,4,6,0,5,13,12,22,19,23,0,0,0,2,2,2,0,0,2,0,29,29,2,16,19,0,21,2,29,0,29,2,0,2,2,0
5/17/2016,127,62,17,5,9,8,19,4,0,2,5,4,2,1,3,4,11,11,15,16,8,0,0,0,2,2,2,0,0,2,0,23,23,1,15,10,3,24,2,23,0,23,2,0,2,2,0
5/18/2016,116,46,3,31,0,0,84,3,0,7,2,0,5,4,2,4,10,8,13,15,11,2,2,2,4,2,10,8,2,8,0,20,20,1,11,12,2,21,8,20,2,20,4,0,2,11,2
5/19/2016,77,70,50,37,25,7,123,3,0,3,8,4,2,0,2,6,13,8,24,21,14,1,1,6,8,6,9,7,4,6,0,29,29,4,18,18,2,28,6,31,6,31,8,2,6,11,4
5/20/2016,139,63,75,49,33,12,123,5,0,4,5,5,7,5,8,9,18,20,23,22,21,2,2,2,2,2,8,8,4,10,0,38,40,3,29,28,8,40,10,42,2,41,2,4,2,9,4
5/21/2016,150,87,27,40,28,2,77,5,2,3,5,2,7,4,7,2,20,15,20,20,22,2,2,0,2,2,8,8,2,6,1,31,33,1,25,22,7,36,6,33,0,33,2,2,2,9,2
5/22/2016,175,39,49,46,36,4,29,4,0,4,8,6,5,1,3,4,17,17,30,21,11,0,0,0,2,2,4,2,0,2,0,36,36,3,26,12,3,37,2,36,0,36,2,0,2,4,0
5/23/2016,116,59,23,4,15,0,19,4,0,2,0,5,0,0,5,4,8,9,12,18,10,0,0,0,2,2,2,0,0,2,0,24,24,1,13,12,5,16,2,24,0,24,2,0,2,2,0
5/24/2016,168,50,53,33,28,6,20,1,2,6,0,4,6,2,4,5,21,15,19,23,20,0,0,0,2,0,2,2,2,2,2,36,36,0,15,22,4,25,2,36,0,36,2,0,0,2,2
5/25/2016,113,83,52,13,8,12,84,0,0,2,4,4,5,4,6,5,17,23,16,19,13,0,0,2,4,0,9,9,2,6,0,27,27,1,19,21,6,33,6,27,2,28,4,2,0,10,2
5/26/2016,96,58,22,30,24,0,20,2,0,0,1,3,3,3,1,1,17,10,13,18,15,0,0,0,2,0,2,2,2,2,0,24,24,0,14,17,1,17,2,24,0,24,2,0,0,2,2
5/27/2016,123,130,62,7,0,0,19,3,3,1,6,5,2,4,3,7,10,14,19,16,21,0,0,0,2,2,2,0,0,2,0,35,35,3,19,23,3,23,2,35,0,35,2,0,2,2,0
5/28/2016,130,86,46,23,26,4,20,2,0,3,6,7,6,0,5,3,15,19,22,25,18,0,0,0,2,0,2,2,2,2,0,25,26,2,23,14,5,39,2,26,0,26,2,0,0,2,2
5/29/2016,119,60,37,17,29,8,70,5,5,5,7,4,3,7,0,2,10,19,13,27,17,3,3,2,0,2,6,8,0,6,0,25,24,1,12,19,0,35,6,24,2,24,0,4,2,8,0
5/30/2016,114,51,14,24,17,10,87,1,0,7,3,3,3,6,0,2,8,15,14,17,9,0,0,2,4,4,6,6,4,6,0,26,26,1,18,16,0,27,6,27,2,27,4,2,4,7,4
5/31/2016,153,72,40,29,54,9,27,5,0,4,3,2,2,6,2,3,21,14,24,18,19,0,0,0,4,4,4,2,0,4,0,37,37,1,25,22,2,29,4,37,0,37,4,0,4,4,0
